"Target ChEMBL ID";"Target Name";"Accessions";"Type";"Organism";"Compounds";"Activities";"Tax ID";"Species Group Flag"
"CHEMBL4994";"Pyruvate kinase PKM";"P11980";"SINGLE PROTEIN";"Rattus norvegicus";"25";"66";"10116";"False"
"CHEMBL1075115";"Dual specificity tyrosine-phosphorylation-regulated kinase 4";"Q9NR20";"SINGLE PROTEIN";"Homo sapiens";"930";"973";"9606";"False"
"CHEMBL6193841";"Protein cereblon/Epidermal growth factor receptor";"P00533|Q8C7D2";"PROTEIN-PROTEIN INTERACTION";"Mus musculus";"2";"2";"10090";"False"
"CHEMBL4739670";"Ephrin type-A receptor 8";"O09127";"SINGLE PROTEIN";"Mus musculus";"4";"4";"10090";"False"
"CHEMBL5025";"Tyrosine-protein kinase TEC";"Q8CFK4";"SINGLE PROTEIN";"Mus musculus";"21";"25";"10090";"False"
"CHEMBL6196086";"Lymphocyte cytosolic protein 2";"Q13094";"SINGLE PROTEIN";"Homo sapiens";"48";"52";"9606";"False"
"CHEMBL6196078";"Tyrosine-protein kinase receptor TYRO3";"P55144";"SINGLE PROTEIN";"Mus musculus";"2";"4";"10090";"False"
"CHEMBL6195513";"von Hippel-Lindau disease tumor suppressor/Dual specificity tyrosine-phosphorylation-regulated kinase 1A";"Q13627|P40337";"PROTEIN-PROTEIN INTERACTION";"Homo sapiens";"4";"8";"9606";"False"
"CHEMBL6195553";"Protein cereblon/Dual specificity tyrosine-phosphorylation-regulated kinase 1A";"Q13627|Q96SW2";"PROTEIN-PROTEIN INTERACTION";"Homo sapiens";"14";"60";"9606";"False"
"CHEMBL6195511";"von Hippel-Lindau disease tumor suppressor/Dual specificity tyrosine-phosphorylation-regulated kinase 1B";"Q9Y463|P40337";"PROTEIN-PROTEIN INTERACTION";"Homo sapiens";"4";"8";"9606";"False"
"CHEMBL5483121";"Protein cereblon-BTK";"Q56AP7|Q5S255";"PROTEIN-PROTEIN INTERACTION";"Rattus norvegicus";"1";"1";"10116";"False"
"CHEMBL6195575";"Protein cereblon/Proto-oncogene tyrosine-protein kinase receptor Ret/Coiled-coil domain-containing protein 6";"P07949|Q16204|Q96SW2";"PROTEIN-PROTEIN INTERACTION";"Homo sapiens";"66";"242";"9606";"False"
"CHEMBL6195509";"von Hippel-Lindau disease tumor suppressor/Inactive tyrosine-protein kinase transmembrane receptor ROR1";"P40337|Q01973";"PROTEIN-PROTEIN INTERACTION";"Homo sapiens";"10";"33";"9606";"False"
"CHEMBL6195558";"Protein cereblon/Inactive tyrosine-protein kinase transmembrane receptor ROR1";"Q96SW2|Q01973";"PROTEIN-PROTEIN INTERACTION";"Homo sapiens";"30";"60";"9606";"False"
"CHEMBL3343";"Tyrosine-protein kinase Blk";"P16277";"SINGLE PROTEIN";"Mus musculus";"38";"42";"10090";"False"
"CHEMBL5482987";"Baculoviral IAP repeat-containing protein 2/Tyrosine-protein kinase BTK";"Q06187|Q13490";"PROTEIN-PROTEIN INTERACTION";"Homo sapiens";"1";"2";"9606";"False"
"CHEMBL4748232";"von Hippel-Lindau disease tumor suppressor/ALK tyrosine kinase receptor/Echinoderm microtubule-associated protein-like 4";"Q9UM73|Q9HC35|P40337";"PROTEIN-PROTEIN INTERACTION";"Homo sapiens";"4";"7";"9606";"False"
"CHEMBL3351220";"Ribosomal protein S6 kinase alpha-2";"Q9WUT3";"SINGLE PROTEIN";"Mus musculus";"27";"27";"10090";"False"
"CHEMBL3885630";"Ras and Rab interactor 1/Tyrosine-protein kinase ABL1";"P00519|Q13671";"PROTEIN-PROTEIN INTERACTION";"Homo sapiens";"229";"230";"9606";"False"
"CHEMBL6195602";"Proteasomal ubiquitin receptor ADRM1/Tyrosine-protein kinase BTK";"Q06187|Q16186";"PROTEIN-PROTEIN INTERACTION";"Homo sapiens";"2";"5";"9606";"False"
"CHEMBL5465390";"ALK-KIF5B";"Q9UM73|P33176";"CHIMERIC PROTEIN";"Homo sapiens";"1";"1";"9606";"False"
"CHEMBL3043";"Tyrosine aminotransferase";"P17735";"SINGLE PROTEIN";"Homo sapiens";"13";"14";"9606";"False"
"CHEMBL3822350";"Receptor-interacting serine/threonine-protein kinase 2";"G3V783";"SINGLE PROTEIN";"Rattus norvegicus";"5";"6";"10116";"False"
"CHEMBL4739675";"Ephrin type-B receptor 1";"P09759";"SINGLE PROTEIN";"Rattus norvegicus";"4";"4";"10116";"False"
"CHEMBL5465244";"von Hippel-Lindau disease tumor suppressor/Tyrosine-protein kinase receptor UFO";"P30530|P40337";"PROTEIN-PROTEIN INTERACTION";"Homo sapiens";"6";"6";"9606";"False"
"CHEMBL5465557";"CCN2-EGFR";"P00533|P29279";"PROTEIN-PROTEIN INTERACTION";"Homo sapiens";"34";"68";"9606";"False"
"CHEMBL4742275";"Protein cereblon/Tyrosine-protein kinase JAK1";"P23458|Q96SW2";"PROTEIN-PROTEIN INTERACTION";"Homo sapiens";"12";"22";"9606";"False"
"CHEMBL2620";"Tyrosine-protein phosphatase non-receptor type 11";"P35235";"SINGLE PROTEIN";"Mus musculus";"74";"89";"10090";"False"
"CHEMBL4879528";"Protein cereblon/Tyrosine-protein phosphatase non-receptor type 11";"Q06124|Q96SW2";"PROTEIN-PROTEIN INTERACTION";"Homo sapiens";"16";"34";"9606";"False"
"CHEMBL1795190";"KH domain-containing, RNA-binding, signal transduction-associated protein 1";"Q07666";"SINGLE PROTEIN";"Homo sapiens";"3";"10";"9606";"False"
"CHEMBL4295730";"Receptor-type tyrosine-protein phosphatase zeta";"P23471";"SINGLE PROTEIN";"Homo sapiens";"17";"43";"9606";"False"
"CHEMBL4295997";"Heterogeneous nuclear ribonucleoprotein Q";"O60506";"SINGLE PROTEIN";"Homo sapiens";"4";"11";"9606";"False"
"CHEMBL6066564";"Tyrosine-protein kinase BTK/Tyrosine-protein kinase Lck";"P06239|Q06187";"PROTEIN FAMILY";"Homo sapiens";"4";"12";"9606";"False"
"CHEMBL5724693";"General transcription factor II-I";"P78347";"SINGLE PROTEIN";"Homo sapiens";"3";"11";"9606";"False"
"CHEMBL4523680";"Protein cereblon/Epidermal growth factor receptor";"P00533|Q96SW2";"PROTEIN-PROTEIN INTERACTION";"Homo sapiens";"78";"310";"9606";"False"
"CHEMBL6195681";"LC3/Epithelial discoidin domain-containing receptor 1";"Q08345|Q9BXW4|Q9GZQ8|Q9H492";"PROTEIN-PROTEIN INTERACTION";"Homo sapiens";"18";"53";"9606";"False"
"CHEMBL4901";"Ephrin type-B receptor 3";"P54753";"SINGLE PROTEIN";"Homo sapiens";"1263";"2028";"9606";"False"
"CHEMBL5482996";"VEGFR1-VEGA";"P15692|P17948";"PROTEIN COMPLEX";"Homo sapiens";"10";"32";"9606";"False"
"CHEMBL4517";"Tyrosine-protein kinase Fyn";"P39688";"SINGLE PROTEIN";"Mus musculus";"2";"2";"10090";"False"
"CHEMBL4452";"Tyrosine-protein phosphatase 1";"P25044";"SINGLE PROTEIN";"Saccharomyces cerevisiae S288c";"26";"26";"559292";"False"
"CHEMBL3038491";"JAK3/JAK1";"P52333|P23458";"PROTEIN COMPLEX";"Homo sapiens";"229";"357";"9606";"False"
"CHEMBL4802031";"Baculoviral IAP repeat-containing protein 2/Epidermal growth factor receptor";"P00533|Q13490";"PROTEIN-PROTEIN INTERACTION";"Homo sapiens";"1";"2";"9606";"False"
"CHEMBL1075134";"Serine/threonine-protein kinase mTOR";"P42346";"SINGLE PROTEIN";"Rattus norvegicus";"37";"45";"10116";"False"
"CHEMBL2396508";"Receptor-type tyrosine-protein phosphatase S";"Q13332";"SINGLE PROTEIN";"Homo sapiens";"65";"113";"9606";"False"
"CHEMBL3692";"Receptor-type tyrosine-protein phosphatase eta";"Q12913";"SINGLE PROTEIN";"Homo sapiens";"7";"7";"9606";"False"
"CHEMBL4661";"Receptor-type tyrosine-protein phosphatase mu";"P28827";"SINGLE PROTEIN";"Homo sapiens";"37";"44";"9606";"False"
"CHEMBL2052033";"Phosphatidylglycerophosphatase and protein-tyrosine phosphatase 1";"Q8WUK0";"SINGLE PROTEIN";"Homo sapiens";"2";"2";"9606";"False"
"CHEMBL4523445";"Protein tyrosine phosphatase type IVA 3";"Q9D658";"SINGLE PROTEIN";"Mus musculus";"2";"7";"10090";"False"
"CHEMBL4739686";"Na(+)/H(+) exchange regulatory cofactor NHE-RF2";"Q15599";"SINGLE PROTEIN";"Homo sapiens";"4";"8";"9606";"False"
"CHEMBL4295634";"Tyrosinase";"B2ZB02";"SINGLE PROTEIN";"Bacillus megaterium";"1";"2";"1404";"False"
"CHEMBL5947";"Tyrosine aminotransferase";"P04694";"SINGLE PROTEIN";"Rattus norvegicus";"18";"28";"10116";"False"
"CHEMBL6193830";"UBR/Epidermal growth factor receptor";"P00533|Q5T4S7|Q8IWV7|Q8IWV8";"PROTEIN-PROTEIN INTERACTION";"Homo sapiens";"1";"4";"9606";"False"
"CHEMBL4523978";"Src/Lck kinase";"P12931|P06239";"SELECTIVITY GROUP";"Homo sapiens";"1";"1";"9606";"False"
"CHEMBL2331049";"Vascular endothelial growth factor receptor 2";"Q5GIT4";"SINGLE PROTEIN";"Danio rerio";"41";"69";"7955";"False"
"CHEMBL4246";"Tyrosine-protein kinase Tec";"P42680";"SINGLE PROTEIN";"Homo sapiens";"1373";"2566";"9606";"False"
"CHEMBL2889";"Tyrosine-protein phosphatase non-receptor type 22";"Q9Y2R2";"SINGLE PROTEIN";"Homo sapiens";"733";"1318";"9606";"False"
"CHEMBL4680045";"SLC34A2-ROS1";"P08922|O95436";"CHIMERIC PROTEIN";"Homo sapiens";"10";"27";"9606";"False"
"CHEMBL5465391";"ALK-TPM1";"Q9UM73|P09493";"CHIMERIC PROTEIN";"Homo sapiens";"1";"1";"9606";"False"
"CHEMBL1795109";"Ephrin-A2";"O43921";"SINGLE PROTEIN";"Homo sapiens";"1";"1";"9606";"False"
"CHEMBL5482997";"VEGFR2-VEGA";"P15692|P35968";"PROTEIN COMPLEX";"Homo sapiens";"2";"2";"9606";"False"
"CHEMBL6066037";"Protein cereblon/Receptor-type tyrosine-protein phosphatase C";"P08575|Q96SW2";"PROTEIN-PROTEIN INTERACTION";"Homo sapiens";"1";"1";"9606";"False"
"CHEMBL5739544";"Protein cereblon/Tyrosine-protein phosphatase non-receptor type 22";"Q9Y2R2|Q96SW2";"PROTEIN-PROTEIN INTERACTION";"Homo sapiens";"1";"1";"9606";"False"
"CHEMBL4362";"Tyrosine-protein kinase Fgr";"Q6P6U0";"SINGLE PROTEIN";"Rattus norvegicus";"1";"1";"10116";"False"
"CHEMBL4162";"Protein tyrosine phosphatase type IVA 3";"O75365";"SINGLE PROTEIN";"Homo sapiens";"109";"182";"9606";"False"
"CHEMBL6193815";"Protein cereblon-BTK";"A0A8I3NIQ5|A0A8I3P7Z3";"PROTEIN-PROTEIN INTERACTION";"Canis lupus familiaris";"1";"1";"9615";"False"
"CHEMBL6195521";"von Hippel-Lindau disease tumor suppressor/Hepatocyte growth factor receptor";"P08581|P40337";"PROTEIN-PROTEIN INTERACTION";"Homo sapiens";"32";"34";"9606";"False"
"CHEMBL6196101";"Lymphocyte cytosolic protein 2";"Q60787";"SINGLE PROTEIN";"Mus musculus";"1";"1";"10090";"False"
"CHEMBL2366412";"Phenol oxidase";"B5U2Z5";"SINGLE PROTEIN";"Plutella xylostella";"8";"19";"51655";"False"
"CHEMBL2111428";"VEGF-receptor 2 and stem cell growth factor receptor (KDR and KIT)";"P10721|P35968";"SELECTIVITY GROUP";"Homo sapiens";"10";"10";"9606";"False"
"CHEMBL3988";"Ephrin type-A receptor 4";"P54764";"SINGLE PROTEIN";"Homo sapiens";"1307";"2212";"9606";"False"
"CHEMBL4630742";"von Hippel-Lindau disease tumor suppressor/Tyrosine-protein phosphatase non-receptor type 11";"Q06124|P40337";"PROTEIN-PROTEIN INTERACTION";"Homo sapiens";"23";"71";"9606";"False"
"CHEMBL3301390";"JAK1/JAK2/TYK2";"P23458|O60674|P29597";"PROTEIN COMPLEX";"Homo sapiens";"38";"47";"9606";"False"
"CHEMBL3885650";"Tyrosine-protein kinase JAK1/JAK3";"P52332|Q62137";"PROTEIN FAMILY";"Mus musculus";"5";"6";"10090";"False"
"CHEMBL4879468";"Tyrosine-protein kinase";"Q5S255";"SINGLE PROTEIN";"Rattus norvegicus";"4";"18";"10116";"False"
"CHEMBL3713";"Tyrosine 3-monooxygenase";"P17289";"SINGLE PROTEIN";"Bos taurus";"16";"41";"9913";"False"
"CHEMBL3885642";"TYK2/JAK1/JAK2";"P52332|Q62120|Q9R117";"PROTEIN FAMILY";"Mus musculus";"3";"3";"10090";"False"
"CHEMBL4014";"Tyrosine-protein kinase ABL2";"P42684";"SINGLE PROTEIN";"Homo sapiens";"1236";"2151";"9606";"False"
"CHEMBL5585";"Hepatocyte growth factor receptor";"P16056";"SINGLE PROTEIN";"Mus musculus";"30";"54";"10090";"False"
"CHEMBL1075289";"Protein-tyrosine kinase 2-beta";"Q9QVP9";"SINGLE PROTEIN";"Mus musculus";"20";"35";"10090";"False"
"CHEMBL4296120";"E3 ubiquitin-protein ligase XIAP/Tyrosine-protein kinase ABL1/Breakpoint cluster region protein";"P00519|P98170|P11274";"PROTEIN-PROTEIN INTERACTION";"Homo sapiens";"2";"4";"9606";"False"
"CHEMBL3588730";"Tyrosine-protein kinase BAZ1B";"Q9UIG0";"SINGLE PROTEIN";"Homo sapiens";"22";"29";"9606";"False"
"CHEMBL3918";"Receptor-type tyrosine-protein phosphatase alpha";"P18433";"SINGLE PROTEIN";"Homo sapiens";"223";"294";"9606";"False"
"CHEMBL3166";"Tyrosine-protein phosphatase non-receptor type 6";"P29350";"SINGLE PROTEIN";"Homo sapiens";"610";"826";"9606";"False"
"CHEMBL3848";"Receptor tyrosine-protein kinase erbB-2";"P06494";"SINGLE PROTEIN";"Rattus norvegicus";"13";"14";"10116";"False"
"CHEMBL3516";"Vascular endothelial growth factor receptor 1";"P35969";"SINGLE PROTEIN";"Mus musculus";"64";"66";"10090";"False"
"CHEMBL3259478";"Tyrosine-protein kinase BTK";"P35991";"SINGLE PROTEIN";"Mus musculus";"102";"133";"10090";"False"
"CHEMBL4523618";"JAK1/TYK2";"P52332|Q9R117";"PROTEIN COMPLEX";"Mus musculus";"2";"2";"10090";"False"
"CHEMBL4367";"Tyrosine-protein kinase TXK";"P42681";"SINGLE PROTEIN";"Homo sapiens";"1421";"2910";"9606";"False"
"CHEMBL4523737";"von Hippel-Lindau disease tumor suppressor/Ephrin type-B receptor 4";"P54760|P40337";"PROTEIN-PROTEIN INTERACTION";"Homo sapiens";"1";"1";"9606";"False"
"CHEMBL4523727";"von Hippel-Lindau disease tumor suppressor/Tyrosine-protein kinase Lck";"P06239|P40337";"PROTEIN-PROTEIN INTERACTION";"Homo sapiens";"1";"1";"9606";"False"
"CHEMBL2219";"Tyrosine-protein phosphatase non-receptor type 7";"P35236";"SINGLE PROTEIN";"Homo sapiens";"743";"900";"9606";"False"
"CHEMBL3074";"Proto-oncogene tyrosine-protein kinase Src";"P05480";"SINGLE PROTEIN";"Mus musculus";"93";"105";"10090";"False"
"CHEMBL2111431";"Epidermal growth factor receptor and ErbB2 (HER1 and HER2)";"P04626|P00533";"PROTEIN FAMILY";"Homo sapiens";"172";"222";"9606";"False"
"CHEMBL2034801";"Tyrosine-protein kinase ZAP-70";"P43404";"SINGLE PROTEIN";"Mus musculus";"6";"6";"10090";"False"
"CHEMBL4540";"Phosphotyrosine-protein phosphatase PTPB";"P96830";"SINGLE PROTEIN";"Mycobacterium tuberculosis";"199";"308";"1773";"False"
"CHEMBL5508";"Dual specificity tyrosine-phosphorylation-regulated kinase 1A";"Q63470";"SINGLE PROTEIN";"Rattus norvegicus";"1541";"1721";"10116";"False"
"CHEMBL3883331";"Tropomyosin alpha-3 chain/High affinity nerve growth factor receptor";"P04629|P06753";"CHIMERIC PROTEIN";"Homo sapiens";"2";"7";"9606";"False"
"CHEMBL4523242";"Tyrosine-protein phosphatase non-receptor type 5";"P54830";"SINGLE PROTEIN";"Mus musculus";"1";"1";"10090";"False"
"CHEMBL6067451";"Very-long-chain (3R)-3-hydroxyacyl-CoA dehydratase 2";"Q6Y1H2";"SINGLE PROTEIN";"Homo sapiens";"1";"2";"9606";"False"
"CHEMBL4542";"Low molecular weight protein-tyrosine phosphatase A";"P9WIA1";"SINGLE PROTEIN";"Mycobacterium tuberculosis";"298";"439";"1773";"False"
"CHEMBL4680052";"Protein cereblon/Focal adhesion kinase 1";"Q05397|Q96SW2";"PROTEIN-PROTEIN INTERACTION";"Homo sapiens";"56";"147";"9606";"False"
"CHEMBL4886";"Sulfotransferase 1A1";"P17988";"SINGLE PROTEIN";"Rattus norvegicus";"48";"136";"10116";"False"
"CHEMBL4134";"Ephrin type-A receptor 8";"P29322";"SINGLE PROTEIN";"Homo sapiens";"598";"894";"9606";"False"
"CHEMBL3807";"Tyrosine-protein phosphatase non-receptor type 2";"P17706";"SINGLE PROTEIN";"Homo sapiens";"1359";"1584";"9606";"False"
"CHEMBL5483195";"Protein cereblon/Tyrosine-protein kinase ABL1/Breakpoint cluster region protein";"P00520|Q6PAJ1|Q8C7D2";"PROTEIN-PROTEIN INTERACTION";"Mus musculus";"1";"2";"10090";"False"
"CHEMBL6193836";"Glucose-induced degradation protein 4 homolog/ALK tyrosine kinase receptor";"Q9UM73|Q8IVV7";"PROTEIN-PROTEIN INTERACTION";"Homo sapiens";"1";"1";"9606";"False"
"CHEMBL3290";"Ephrin type-B receptor 2";"P29323";"SINGLE PROTEIN";"Homo sapiens";"1258";"2066";"9606";"False"
"CHEMBL4879537";"Protein cereblon/ALK tyrosine kinase receptor";"Q9UM73|Q96SW2";"PROTEIN-PROTEIN INTERACTION";"Homo sapiens";"11";"51";"9606";"False"
"CHEMBL4575";"Dual specificity tyrosine-phosphorylation-regulated kinase 3";"O43781";"SINGLE PROTEIN";"Homo sapiens";"1246";"1358";"9606";"False"
"CHEMBL4296021";"Receptor-interacting serine/threonine-protein kinase 2";"P58801";"SINGLE PROTEIN";"Mus musculus";"4";"8";"10090";"False"
"CHEMBL3638355";"5,6-dihydroxyindole-2-carboxylic acid oxidase";"P07147";"SINGLE PROTEIN";"Mus musculus";"3";"3";"10090";"False"
"CHEMBL5291972";"JAK1/STAT1";"P23458|P42224";"PROTEIN COMPLEX";"Homo sapiens";"1";"1";"9606";"False"
"CHEMBL2560";"Protein kinase C delta type";"P28867";"SINGLE PROTEIN";"Mus musculus";"42";"192";"10090";"False"
"CHEMBL6117";"Tyrosine-protein phosphatase non-receptor type 9";"P43378";"SINGLE PROTEIN";"Homo sapiens";"95";"97";"9606";"False"
"CHEMBL2462";"Tyrosine 3-monooxygenase";"P04177";"SINGLE PROTEIN";"Rattus norvegicus";"28";"32";"10116";"False"
"CHEMBL3351191";"Jak1 protein";"Q5FVF5";"SINGLE PROTEIN";"Rattus norvegicus";"1";"1";"10116";"False"
"CHEMBL3425390";"Receptor-type tyrosine-protein phosphatase R";"Q15256";"SINGLE PROTEIN";"Homo sapiens";"9";"9";"9606";"False"
"CHEMBL2968";"Tyrosine-protein kinase JAK1";"P52332";"SINGLE PROTEIN";"Mus musculus";"14";"22";"10090";"False"
"CHEMBL4599";"Activated CDC42 kinase 1";"Q07912";"SINGLE PROTEIN";"Homo sapiens";"2145";"3291";"9606";"False"
"CHEMBL1795121";"Interferon-induced, double-stranded RNA-activated protein kinase";"Q03963";"SINGLE PROTEIN";"Mus musculus";"3";"3";"10090";"False"
"CHEMBL3038492";"JAK2/JAK1";"P23458|O60674";"PROTEIN COMPLEX";"Homo sapiens";"73";"123";"9606";"False"
"CHEMBL4295885";"Tyrosinase";"A0A8M1PAD4";"SINGLE PROTEIN";"Danio rerio";"5";"46";"7955";"False"
"CHEMBL3179";"Tyrosine--tRNA ligase, cytoplasmic";"P54577";"SINGLE PROTEIN";"Homo sapiens";"276";"282";"9606";"False"
"CHEMBL2834";"Receptor-type tyrosine-protein phosphatase F";"Q64604";"SINGLE PROTEIN";"Rattus norvegicus";"8";"10";"10116";"False"
"CHEMBL4850";"Receptor-type tyrosine-protein phosphatase epsilon";"P23469";"SINGLE PROTEIN";"Homo sapiens";"62";"72";"9606";"False"
"CHEMBL3178";"Protein-tyrosine sulfotransferase 2";"O60704";"SINGLE PROTEIN";"Homo sapiens";"20";"23";"9606";"False"
"CHEMBL4806";"Protein tyrosine phosphatase receptor type C-associated protein";"Q14761";"SINGLE PROTEIN";"Homo sapiens";"25";"32";"9606";"False"
"CHEMBL6066201";"Triple specificity protein phosphatase PtpB";"I6WXK4";"SINGLE PROTEIN";"Mycobacterium tuberculosis (strain ATCC 25618 / H37Rv)";"67";"167";"83332";"False"
"CHEMBL2221341";"FKBP12A/mTOR";"P62942|P42345";"PROTEIN COMPLEX";"Homo sapiens";"20";"22";"9606";"False"
"CHEMBL2079848";"Activated CDC42 kinase 1";"O54967";"SINGLE PROTEIN";"Mus musculus";"45";"49";"10090";"False"
"CHEMBL2111375";"Vascular endothelial growth factor receptor 2 and tyrosine-protein kinase TIE-2 (KDR and TIE2)";"P35968|Q02763";"SELECTIVITY GROUP";"Homo sapiens";"14";"14";"9606";"False"
"CHEMBL6195606";"E3 ubiquitin-protein ligase RNF126/ALK tyrosine kinase receptor/Echinoderm microtubule-associated protein-like 4";"Q9UM73|Q9HC35|Q9BV68";"PROTEIN-PROTEIN INTERACTION";"Homo sapiens";"5";"30";"9606";"False"
"CHEMBL3627585";"Inactive tyrosine-protein kinase PEAK1";"Q9H792";"SINGLE PROTEIN";"Homo sapiens";"21";"26";"9606";"False"
"CHEMBL5725045";"Ubiquitin-associated and SH3 domain-containing protein B";"Q8TF42";"SINGLE PROTEIN";"Homo sapiens";"26";"35";"9606";"False"
"CHEMBL6066058";"Protein cereblon/Non-receptor tyrosine-protein kinase TYK2";"P29597|Q96SW2";"PROTEIN-PROTEIN INTERACTION";"Homo sapiens";"25";"71";"9606";"False"
"CHEMBL3014";"Proto-oncogene tyrosine-protein kinase Src";"Q9WUD9";"SINGLE PROTEIN";"Rattus norvegicus";"52";"67";"10116";"False"
"CHEMBL6066566";"Tyrosine-protein kinase Mer/Tyrosine-protein kinase receptor UFO";"P30530|Q12866";"PROTEIN FAMILY";"Homo sapiens";"449";"1374";"9606";"False"
"CHEMBL6193840";"Protein cereblon/Tyrosine-protein kinase ABL1/Breakpoint cluster region protein";"P00519|P11274|Q8C7D2";"PROTEIN-PROTEIN INTERACTION";"Mus musculus";"2";"11";"10090";"False"
"CHEMBL5465384";"mTORC1";"Q9JLN9";"PROTEIN COMPLEX";"Mus musculus";"2";"17";"10090";"False"
"CHEMBL6067300";"Serine/threonine-protein kinase LMTK2";"Q8IWU2";"SINGLE PROTEIN";"Homo sapiens";"1";"2";"9606";"False"
"CHEMBL4523674";"DEPTOR/mTOR";"P42345|Q8TB45";"PROTEIN-PROTEIN INTERACTION";"Homo sapiens";"4";"4";"9606";"False"
"CHEMBL5166";"Tyrosine-protein kinase transforming protein Abl";"P00521";"SINGLE PROTEIN";"Abelson murine leukemia virus";"52";"68";"11788";"False"
"CHEMBL2976";"Tyrosine-protein phosphatase non-receptor type 13";"Q12923";"SINGLE PROTEIN";"Homo sapiens";"79";"90";"9606";"False"
"CHEMBL6067600";"Tyrosine-protein kinase ITK/TSK";"Q03526";"SINGLE PROTEIN";"Mus musculus";"2";"8";"10090";"False"
"CHEMBL5482983";"JAK2-STAT3";"O60674|P40763";"PROTEIN COMPLEX";"Homo sapiens";"2";"5";"9606";"False"
"CHEMBL1764941";"Dual specificity protein phosphatase 14";"O95147";"SINGLE PROTEIN";"Homo sapiens";"1";"1";"9606";"False"
"CHEMBL2401604";"Tubulin polyglutamylase TTLL7";"A4Q9F0";"SINGLE PROTEIN";"Mus musculus";"3";"3";"10090";"False"
"CHEMBL5739547";"Protein cereblon/Dual specificity tyrosine-phosphorylation-regulated kinase 2";"Q92630|Q96SW2";"PROTEIN-PROTEIN INTERACTION";"Homo sapiens";"9";"21";"9606";"False"
"CHEMBL4105946";"Eukaryotic translation initiation factor 2-alpha kinase 3";"Q9Z1Z1";"SINGLE PROTEIN";"Rattus norvegicus";"3";"10";"10116";"False"
"CHEMBL4523190";"BDNF/NT-3 growth factors receptor";"P15209";"SINGLE PROTEIN";"Mus musculus";"9";"26";"10090";"False"
"CHEMBL5291677";"Protein cereblon/Fibroblast growth factor receptor 1";"P11362|Q96SW2";"PROTEIN-PROTEIN INTERACTION";"Homo sapiens";"7";"9";"9606";"False"
"CHEMBL6177911";"Protein cereblon/Tyrosinase";"P14679|Q96SW2";"PROTEIN-PROTEIN INTERACTION";"Homo sapiens";"21";"26";"9606";"False"
"CHEMBL4523602";"Centrosomal protein 43/RET";"P07949|O95684";"CHIMERIC PROTEIN";"Homo sapiens";"1";"2";"9606";"False"
"CHEMBL5314";"Tyrosine-protein kinase receptor TYRO3";"Q06418";"SINGLE PROTEIN";"Homo sapiens";"3890";"9638";"9606";"False"
"CHEMBL5810";"Ephrin type-A receptor 1";"P21709";"SINGLE PROTEIN";"Homo sapiens";"815";"1175";"9606";"False"
"CHEMBL1075225";"Tyrosine-protein kinase JAK2";"Q62689";"SINGLE PROTEIN";"Rattus norvegicus";"10";"22";"10116";"False"
"CHEMBL1908386";"Dual serine/threonine and tyrosine protein kinase";"Q6XUX3";"SINGLE PROTEIN";"Homo sapiens";"271";"291";"9606";"False"
"CHEMBL4295572";"Tyrosine--tRNA ligase";"P0AGJ9";"SINGLE PROTEIN";"Escherichia coli (strain K12)";"14";"37";"83333";"False"
"CHEMBL6193824";"von Hippel-Lindau disease tumor suppressor/Focal adhesion kinase 1";"P34152|P40338";"PROTEIN-PROTEIN INTERACTION";"Mus musculus";"1";"2";"10090";"False"
"CHEMBL3317332";"Tyrosine-protein phosphatase non-receptor type 14";"Q15678";"SINGLE PROTEIN";"Homo sapiens";"2";"5";"9606";"False"
"CHEMBL4662926";"Tyrosyl-tRNA synthetase, putative";"Q4DSP6";"SINGLE PROTEIN";"Trypanosoma cruzi (strain CL Brener)";"8841";"17754";"353153";"False"
"CHEMBL4523652";"BCR/ABL1";"P00520|Q6PAJ1";"CHIMERIC PROTEIN";"Mus musculus";"10";"23";"10090";"False"
"CHEMBL5483101";"Protein cereblon/Tyrosine-protein kinase BTK";"P35991|Q8C7D2";"PROTEIN-PROTEIN INTERACTION";"Mus musculus";"15";"31";"10090";"False"
"CHEMBL6195663";"Golgi-associated PDZ and coiled-coil motif-containing protein/Proto-oncogene tyrosine-protein kinase ROS";"Q78DX7|Q8BH60";"CHIMERIC PROTEIN";"Mus musculus";"5";"17";"10090";"False"
"CHEMBL6067427";"Very-long-chain (3R)-3-hydroxyacyl-CoA dehydratase 3";"Q9P035";"SINGLE PROTEIN";"Homo sapiens";"2";"4";"9606";"False"
"CHEMBL2176781";"Inactive tyrosine-protein kinase transmembrane receptor ROR1";"Q9Z139";"SINGLE PROTEIN";"Mus musculus";"2";"2";"10090";"False"
"CHEMBL1795111";"BDNF/NT-3 growth factors receptor";"Q63604";"SINGLE PROTEIN";"Rattus norvegicus";"71";"124";"10116";"False"
"CHEMBL3885535";"Calmodulin/Proto-oncogene tyrosine-protein kinase Src";"P12931|P0DP23";"PROTEIN-PROTEIN INTERACTION";"Homo sapiens";"2";"2";"9606";"False"
"CHEMBL4296101";"PTPN9/STAT3";"P40763|P43378";"PROTEIN-PROTEIN INTERACTION";"Homo sapiens";"1";"12";"9606";"False"
"CHEMBL4295857";"Tyrosine-protein kinase JAK3";"Q63272";"SINGLE PROTEIN";"Rattus norvegicus";"7";"7";"10116";"False"
"CHEMBL6195572";"Protein cereblon/Proto-oncogene tyrosine-protein kinase receptor Ret/Kinesin-1 heavy chain";"P07949|P33176|Q96SW2";"PROTEIN-PROTEIN INTERACTION";"Homo sapiens";"1";"1";"9606";"False"
"CHEMBL6066056";"Protein cereblon/Tyrosine-protein phosphatase non-receptor type 6";"P29350|Q96SW2";"PROTEIN-PROTEIN INTERACTION";"Homo sapiens";"1";"1";"9606";"False"
"CHEMBL4523666";"TEL/AXL";"P30530|P41212";"CHIMERIC PROTEIN";"Homo sapiens";"11";"11";"9606";"False"
"CHEMBL4523743";"von Hippel-Lindau disease tumor suppressor/ALK tyrosine kinase receptor";"Q9UM73|P40337";"PROTEIN-PROTEIN INTERACTION";"Homo sapiens";"9";"14";"9606";"False"
"CHEMBL1932898";"Tyrosine-protein kinase SYK";"P48025";"SINGLE PROTEIN";"Mus musculus";"55";"69";"10090";"False"
"CHEMBL5465227";"von Hippel-Lindau disease tumor suppressor/Receptor tyrosine-protein kinase erbB-2";"P04626|P40337";"PROTEIN-PROTEIN INTERACTION";"Homo sapiens";"1";"1";"9606";"False"
"CHEMBL2311234";"Receptor tyrosine-protein kinase erbB-2";"P70424";"SINGLE PROTEIN";"Mus musculus";"8";"10";"10090";"False"
"CHEMBL3165";"Tyrosine-protein phosphatase non-receptor type 4";"P29074";"SINGLE PROTEIN";"Homo sapiens";"11";"11";"9606";"False"
"CHEMBL4523274";"Epithelial discoidin domain-containing receptor 1";"Q03146";"SINGLE PROTEIN";"Mus musculus";"2";"12";"10090";"False"
"CHEMBL2034799";"Proto-oncogene tyrosine-protein kinase receptor Ret";"P35546";"SINGLE PROTEIN";"Mus musculus";"11";"28";"10090";"False"
"CHEMBL6066842";"Glucose-induced degradation protein 4 homolog/EML4-ALK";"Q9UM73|Q9HC35|Q8IVV7";"PROTEIN-PROTEIN INTERACTION";"Homo sapiens";"5";"23";"9606";"False"
"CHEMBL4523172";"Tyrosine-protein kinase Fer";"P09760";"SINGLE PROTEIN";"Rattus norvegicus";"1";"1";"10116";"False"
"CHEMBL2034798";"Mast/stem cell growth factor receptor Kit";"P05532";"SINGLE PROTEIN";"Mus musculus";"48";"49";"10090";"False"
"CHEMBL5291975";"Ephrin type-A receptor 2/Ephrin-A1";"P29317|P20827";"PROTEIN-PROTEIN INTERACTION";"Homo sapiens";"2";"2";"9606";"False"
"CHEMBL4105859";"Ephrin type-A receptor 2";"Q03145";"SINGLE PROTEIN";"Mus musculus";"60";"72";"10090";"False"
"CHEMBL6066036";"Protein cereblon/Maternal embryonic leucine zipper kinase";"Q14680|Q96SW2";"PROTEIN-PROTEIN INTERACTION";"Homo sapiens";"5";"16";"9606";"False"
"CHEMBL4295859";"Epithelial discoidin domain-containing receptor 1";"Q63474";"SINGLE PROTEIN";"Rattus norvegicus";"1";"2";"10116";"False"
"CHEMBL6066027";"Protein cereblon/Tyrosine-protein kinase Lck";"P06239|Q96SW2";"PROTEIN-PROTEIN INTERACTION";"Homo sapiens";"17";"36";"9606";"False"
"CHEMBL6195514";"von Hippel-Lindau disease tumor suppressor/Tyrosine-protein kinase transmembrane receptor ROR2";"Q01974|P40337";"PROTEIN-PROTEIN INTERACTION";"Homo sapiens";"1";"2";"9606";"False"
"CHEMBL6193771";"Protein cereblon-BTK";"A0A2K5UTB3|A0A7N9IGT8";"PROTEIN-PROTEIN INTERACTION";"Macaca fascicularis";"1";"6";"9541";"False"
"CHEMBL5465389";"ALK-KLC1";"Q9UM73|Q07866";"CHIMERIC PROTEIN";"Homo sapiens";"1";"1";"9606";"False"
"CHEMBL4105749";"Receptor-type tyrosine-protein phosphatase O";"Q16827";"SINGLE PROTEIN";"Homo sapiens";"14";"17";"9606";"False"
"CHEMBL3984";"Membrane-associated tyrosine- and threonine-specific cdc2-inhibitory kinase";"Q99640";"SINGLE PROTEIN";"Homo sapiens";"740";"1335";"9606";"False"
"CHEMBL5961";"Ephrin type-B receptor 2";"P54763";"SINGLE PROTEIN";"Mus musculus";"10";"10";"10090";"False"
"CHEMBL6195562";"Protein cereblon/Hepatocyte growth factor receptor";"P08581|Q96SW2";"PROTEIN-PROTEIN INTERACTION";"Homo sapiens";"30";"121";"9606";"False"
"CHEMBL2034795";"Tyrosine-protein kinase Fgr";"P14234";"SINGLE PROTEIN";"Mus musculus";"5";"5";"10090";"False"
"CHEMBL6195550";"Protein cereblon/Dual specificity tyrosine-phosphorylation-regulated kinase 1B";"Q9Y463|Q96SW2";"PROTEIN-PROTEIN INTERACTION";"Homo sapiens";"13";"40";"9606";"False"
"CHEMBL5623";"Dual specificity protein phosphatase 1";"P28563";"SINGLE PROTEIN";"Mus musculus";"15";"15";"10090";"False"
"CHEMBL2791";"NT-3 growth factor receptor";"Q6VNS1";"SINGLE PROTEIN";"Mus musculus";"5";"20";"10090";"False"
"CHEMBL3301392";"JAK2/TYK2";"O60674|P29597";"PROTEIN COMPLEX";"Homo sapiens";"56";"76";"9606";"False"
"CHEMBL6026";"Dual specificity protein phosphatase 1";"P28562";"SINGLE PROTEIN";"Homo sapiens";"57";"81";"9606";"False"
"CHEMBL2157855";"Tyrosine-protein phosphatase non-receptor type 22";"P29352";"SINGLE PROTEIN";"Mus musculus";"30";"40";"10090";"False"
"CHEMBL4296119";"Baculoviral IAP repeat-containing protein 2/Tyrosine-protein kinase ABL1/Breakpoint cluster region protein";"P00519|P11274|Q13490";"PROTEIN-PROTEIN INTERACTION";"Homo sapiens";"7";"34";"9606";"False"
"CHEMBL4376";"Dual specificity tyrosine-phosphorylation-regulated kinase 2";"Q92630";"SINGLE PROTEIN";"Homo sapiens";"1771";"2535";"9606";"False"
"CHEMBL2034802";"Proto-oncogene tyrosine-protein kinase ROS";"Q78DX7";"SINGLE PROTEIN";"Mus musculus";"7";"7";"10090";"False"
"CHEMBL3655";"Proto-oncogene tyrosine-protein kinase Src";"P00523";"SINGLE PROTEIN";"Gallus gallus";"399";"485";"9031";"False"
"CHEMBL4630759";"TEL/KDR";"P35968|P41212";"CHIMERIC PROTEIN";"Homo sapiens";"23";"23";"9606";"False"
"CHEMBL3351197";"Tyrosine-protein phosphatase non-receptor type 18";"Q99952";"SINGLE PROTEIN";"Homo sapiens";"4";"6";"9606";"False"
"CHEMBL5319";"Epithelial discoidin domain-containing receptor 1";"Q08345";"SINGLE PROTEIN";"Homo sapiens";"2222";"5350";"9606";"False"
"CHEMBL4296300";"Tyrosine-protein kinase transforming protein Src";"P00524";"SINGLE PROTEIN";"Avian leukosis virus RSA (RSV-SRA) (Rous sarcoma virus (strainSchmidt-Ruppin A))";"1";"2";"269446";"False"
"CHEMBL4523998";"von Hippel-Lindau disease tumor suppressor/Epidermal growth factor receptor";"P00533|P40337";"PROTEIN-PROTEIN INTERACTION";"Homo sapiens";"85";"367";"9606";"False"
"CHEMBL4295521";"Phosphotyrosine protein phosphatase";"A0A045ISB3";"SINGLE PROTEIN";"Mycobacterium tuberculosis";"320";"414";"1773";"False"
"CHEMBL4296662";"mTOR/FKBP12A/FKBP12B";"P62942|P68106|P42345";"PROTEIN COMPLEX";"Homo sapiens";"14";"19";"9606";"False"
"CHEMBL4630730";"Protein cereblon/Receptor-type tyrosine-protein kinase FLT3";"P36888|Q96SW2";"PROTEIN-PROTEIN INTERACTION";"Homo sapiens";"37";"112";"9606";"False"
"CHEMBL4630731";"Protein cereblon/Mast/stem cell growth factor receptor Kit";"P10721|Q96SW2";"PROTEIN-PROTEIN INTERACTION";"Homo sapiens";"1";"1";"9606";"False"
"CHEMBL2396509";"Tyrosine-protein phosphatase non-receptor type 3";"P26045";"SINGLE PROTEIN";"Homo sapiens";"9";"12";"9606";"False"
"CHEMBL4630728";"Protein cereblon/Proto-oncogene tyrosine-protein kinase Src";"P12931|Q96SW2";"PROTEIN-PROTEIN INTERACTION";"Homo sapiens";"2";"2";"9606";"False"
"CHEMBL4523725";"von Hippel-Lindau disease tumor suppressor/Tyrosine-protein kinase ABL1";"P00519|P40337";"PROTEIN-PROTEIN INTERACTION";"Homo sapiens";"2";"3";"9606";"False"
"CHEMBL4630740";"von Hippel-Lindau disease tumor suppressor/Tyrosine-protein kinase BTK";"Q06187|P40337";"PROTEIN-PROTEIN INTERACTION";"Homo sapiens";"12";"19";"9606";"False"
"CHEMBL4296139";"von Hippel-Lindau disease tumor suppressor/Receptor-interacting serine/threonine-protein kinase 2";"O43353|P40337";"PROTEIN-PROTEIN INTERACTION";"Homo sapiens";"9";"23";"9606";"False"
"CHEMBL3938";"Serine/threonine-protein kinase 16";"O75716";"SINGLE PROTEIN";"Homo sapiens";"789";"1040";"9606";"False"
"CHEMBL2096620";"Protein kinase C, PKC; classical/novel";"O94806|P17252|P05129|Q05655|P05771|Q02156|P24723|Q15139|Q04759";"PROTEIN FAMILY";"Homo sapiens";"68";"71";"9606";"False"
"CHEMBL4363";"Tyrosine-protein kinase Lyn";"Q07014";"SINGLE PROTEIN";"Rattus norvegicus";"8";"10";"10116";"False"
"CHEMBL2007628";"Tyrosine-protein phosphatase non-receptor type 5";"P54829";"SINGLE PROTEIN";"Homo sapiens";"511";"603";"9606";"False"
"CHEMBL4630750";"E3 ubiquitin-protein ligase XIAP/Tyrosine-protein kinase JAK2";"O60674|P98170";"PROTEIN-PROTEIN INTERACTION";"Homo sapiens";"8";"14";"9606";"False"
"CHEMBL3839";"Fibroblast growth factor receptor 4";"Q03142";"SINGLE PROTEIN";"Mus musculus";"85";"139";"10090";"False"
"CHEMBL3271927";"Decarboxylase";"Q8KXD2";"SINGLE PROTEIN";"Enterococcus faecalis";"5";"12";"1351";"False"
"CHEMBL6195769";"E3 ubiquitin-protein ligase RNF149/Epidermal growth factor receptor";"P00533|Q8NC42";"PROTEIN-PROTEIN INTERACTION";"Homo sapiens";"20";"50";"9606";"False"
"CHEMBL4750";"Dual specificity tyrosine-phosphorylation-regulated kinase 1A";"Q61214";"SINGLE PROTEIN";"Mus musculus";"28";"44";"10090";"False"
"CHEMBL2429710";"Tyrosine-protein phosphatase non-receptor type 5";"P35234";"SINGLE PROTEIN";"Rattus norvegicus";"6";"14";"10116";"False"
"CHEMBL3336";"Tyrosine-protein phosphatase non-receptor type 1";"P35821";"SINGLE PROTEIN";"Mus musculus";"109";"171";"10090";"False"
"CHEMBL5334";"Non-receptor tyrosine-protein kinase TNK1";"Q13470";"SINGLE PROTEIN";"Homo sapiens";"1000";"1732";"9606";"False"
"CHEMBL1075265";"Prophenoloxidase";"Q0VJU6";"SINGLE PROTEIN";"Manduca sexta";"1";"1";"7130";"False"
"CHEMBL5346";"Tyrosinase";"P11344";"SINGLE PROTEIN";"Mus musculus";"224";"468";"10090";"False"
"CHEMBL4296137";"Protein cereblon/Tyrosine-protein kinase ABL1/Breakpoint cluster region protein";"P00519|P11274|Q96SW2";"PROTEIN-PROTEIN INTERACTION";"Homo sapiens";"100";"220";"9606";"False"
"CHEMBL3885645";"Transcription factor ETV6/Tyrosine-protein kinase ABL1";"P00519|P41212";"CHIMERIC PROTEIN";"Homo sapiens";"41";"41";"9606";"False"
"CHEMBL4523704";"Protein cereblon/Tyrosine-protein kinase BTK";"Q06187|Q96SW2";"PROTEIN-PROTEIN INTERACTION";"Homo sapiens";"223";"639";"9606";"False"
"CHEMBL4523999";"mTORC2";"P42345|Q6R327|Q9BVC4|Q9BPZ7";"PROTEIN COMPLEX";"Homo sapiens";"192";"257";"9606";"False"
"CHEMBL5703";"Tyrosine-protein kinase Srms";"Q9H3Y6";"SINGLE PROTEIN";"Homo sapiens";"1192";"1671";"9606";"False"
"CHEMBL3301389";"Focal adhesion kinase 1/vascular endothelial growth factor receptor 3";"P35916|Q05397";"PROTEIN-PROTEIN INTERACTION";"Homo sapiens";"2";"10";"9606";"False"
"CHEMBL4523751";"von Hippel-Lindau disease tumor suppressor/Tyrosine-protein kinase ABL1/Breakpoint cluster region protein";"P00519|P11274|P40337";"PROTEIN-PROTEIN INTERACTION";"Homo sapiens";"30";"73";"9606";"False"
"CHEMBL5549";"Tubulin--tyrosine ligase";"Q8NG68";"SINGLE PROTEIN";"Homo sapiens";"23";"25";"9606";"False"
"CHEMBL4220";"High affinity nerve growth factor receptor";"P35739";"SINGLE PROTEIN";"Rattus norvegicus";"22";"42";"10116";"False"
"CHEMBL2034800";"Tyrosine-protein kinase receptor Tie-1";"Q06806";"SINGLE PROTEIN";"Mus musculus";"6";"6";"10090";"False"
"CHEMBL2034793";"Cytoplasmic tyrosine-protein kinase BMX";"P97504";"SINGLE PROTEIN";"Mus musculus";"6";"6";"10090";"False"
"CHEMBL4523731";"von Hippel-Lindau disease tumor suppressor/Mast/stem cell growth factor receptor Kit";"P10721|P40337";"PROTEIN-PROTEIN INTERACTION";"Homo sapiens";"2";"4";"9606";"False"
"CHEMBL3038516";"TPR/MET fusion protein";"P16056|F6ZDS4";"CHIMERIC PROTEIN";"Mus musculus";"23";"51";"10090";"False"
"CHEMBL2371";"Tyrosine-protein phosphatase non-receptor type 1";"P20417";"SINGLE PROTEIN";"Rattus norvegicus";"183";"270";"10116";"False"
"CHEMBL4454";"Tyrosine-protein kinase Fgr";"P09769";"SINGLE PROTEIN";"Homo sapiens";"1159";"1985";"9606";"False"
"CHEMBL3885649";"Tyrosine-protein kinase JAK1/JAK2";"P52332|Q62120";"PROTEIN FAMILY";"Mus musculus";"4";"6";"10090";"False"
"CHEMBL1795170";"Macrophage-stimulating protein receptor";"Q62190";"SINGLE PROTEIN";"Mus musculus";"8";"8";"10090";"False"
"CHEMBL5543";"Dual specificity tyrosine-phosphorylation-regulated kinase 1B";"Q9Y463";"SINGLE PROTEIN";"Homo sapiens";"2263";"3104";"9606";"False"
"CHEMBL5465259";"Pyruvate kinase PKM";"P52480";"SINGLE PROTEIN";"Mus musculus";"3";"12";"10090";"False"
"CHEMBL5250";"Tyrosine-protein kinase JAK3";"Q62137";"SINGLE PROTEIN";"Mus musculus";"22";"47";"10090";"False"
"CHEMBL2258";"Tyrosine-protein kinase Lyn";"P25911";"SINGLE PROTEIN";"Mus musculus";"21";"23";"10090";"False"
"CHEMBL4404";"Tyrosine-protein phosphatase YopH";"P15273";"SINGLE PROTEIN";"Yersinia enterocolitica";"23";"49";"630";"False"
"CHEMBL4905";"Receptor-type tyrosine-protein phosphatase gamma";"P23470";"SINGLE PROTEIN";"Homo sapiens";"54";"66";"9606";"False"
"CHEMBL2111391";"Fibroblast growth factor receptor";"P21803|Q03142|P16092|Q61851";"PROTEIN FAMILY";"Mus musculus";"37";"37";"10090";"False"
"CHEMBL1075288";"Focal adhesion kinase 1";"P34152";"SINGLE PROTEIN";"Mus musculus";"11";"20";"10090";"False"
"CHEMBL3646";"Secreted effector protein";"O68720";"SINGLE PROTEIN";"Yersinia pestis";"78";"80";"632";"False"
"CHEMBL2111409";"Vascular endothelial growth factor receptor 2 and 3 (KDR and Flt-4)";"P35916|P35968";"SELECTIVITY GROUP";"Homo sapiens";"23";"23";"9606";"False"
"CHEMBL2111434";"VEGF-receptor 2 and Fibroblast growth factor receptor 2";"P35968|P21802";"SELECTIVITY GROUP";"Homo sapiens";"15";"15";"9606";"False"
"CHEMBL5708";"Tyrosine-protein kinase transforming protein Fps";"P00530";"SINGLE PROTEIN";"Fujinami sarcoma virus";"1";"1";"11885";"False"
"CHEMBL1293259";"Ephrin type-A receptor 4";"Q03137";"SINGLE PROTEIN";"Mus musculus";"143";"279";"10090";"False"
"CHEMBL5199";"Angiopoietin-1 receptor";"Q02858";"SINGLE PROTEIN";"Mus musculus";"3";"5";"10090";"False"
"CHEMBL3236";"Tyrosine-protein phosphatase non-receptor type 12";"Q05209";"SINGLE PROTEIN";"Homo sapiens";"132";"139";"9606";"False"
"CHEMBL4296166";"Protein cereblon/ALK tyrosine kinase receptor/Echinoderm microtubule-associated protein-like 4";"Q9UM73|Q9HC35|Q96SW2";"PROTEIN-PROTEIN INTERACTION";"Homo sapiens";"37";"167";"9606";"False"
"CHEMBL5222";"Tyrosine-protein kinase ABL2";"Q4JIM5";"SINGLE PROTEIN";"Mus musculus";"13";"16";"10090";"False"
"CHEMBL3301391";"JAK1/TYK2";"P23458|P29597";"PROTEIN COMPLEX";"Homo sapiens";"179";"294";"9606";"False"
"CHEMBL4523736";"von Hippel-Lindau disease tumor suppressor/Tyrosine-protein kinase ABL2";"P42684|P40337";"PROTEIN-PROTEIN INTERACTION";"Homo sapiens";"1";"1";"9606";"False"
"CHEMBL4296165";"Protein cereblon/ALK tyrosine kinase receptor/Nucleophosmin";"Q9UM73|P06748|Q96SW2";"PROTEIN-PROTEIN INTERACTION";"Homo sapiens";"36";"84";"9606";"False"
"CHEMBL6193846";"Protein cereblon/Receptor-type tyrosine-protein kinase FLT3";"Q00342|Q8C7D2";"PROTEIN-PROTEIN INTERACTION";"Mus musculus";"1";"1";"10090";"False"
"CHEMBL1075189";"Pyruvate kinase PKM";"P14618";"SINGLE PROTEIN";"Homo sapiens";"7276";"15132";"9606";"False"
"CHEMBL2146342";"PTPsigma-(Brain)";"Q9UM81";"SINGLE PROTEIN";"Homo sapiens";"7";"14";"9606";"False"
"CHEMBL4364";"Tyrosine-protein kinase SYK";"Q64725";"SINGLE PROTEIN";"Rattus norvegicus";"30";"71";"10116";"False"
"CHEMBL2366427";"Polyphenol oxidase";"D1KEB8";"SINGLE PROTEIN";"Oryza sativa";"8";"10";"4530";"False"
"CHEMBL1961785";"Receptor-type tyrosine-protein phosphatase U";"Q92729";"SINGLE PROTEIN";"Homo sapiens";"2";"2";"9606";"False"
"CHEMBL4523622";"NTRK1/NTRK2";"P04629|Q16620";"PROTEIN FAMILY";"Homo sapiens";"5";"5";"9606";"False"
"CHEMBL6066154";"Mushroom tyrosinase";"O42713|Q00024|C7FF04|C7FF05";"PROTEIN FAMILY";"Agaricus bisporus";"951";"1600";"5341";"False"
"CHEMBL5771";"ALK tyrosine kinase receptor";"P97793";"SINGLE PROTEIN";"Mus musculus";"12";"23";"10090";"False"
"CHEMBL6030";"Eukaryotic translation initiation factor 2-alpha kinase 3";"Q9NZJ5";"SINGLE PROTEIN";"Homo sapiens";"480";"924";"9606";"False"
"CHEMBL1255165";"Serine/threonine-protein kinase mTOR";"Q9JLN9";"SINGLE PROTEIN";"Mus musculus";"117";"159";"10090";"False"
"CHEMBL4523750";"Protein cereblon/Tyrosine-protein kinase ABL1";"P00519|Q96SW2";"PROTEIN-PROTEIN INTERACTION";"Homo sapiens";"6";"17";"9606";"False"
"CHEMBL5455";"Tyrosine-protein kinase Fes/Fps";"P07332";"SINGLE PROTEIN";"Homo sapiens";"1678";"2468";"9606";"False"
"CHEMBL2046265";"Hepatocyte growth factor receptor";"Q75ZY9";"SINGLE PROTEIN";"Canis lupus familiaris";"8";"20";"9615";"False"
"CHEMBL4106134";"FASN/HER2";"P04626|P49327";"PROTEIN COMPLEX";"Homo sapiens";"1";"2";"9606";"False"
"CHEMBL2034796";"Receptor-type tyrosine-protein kinase FLT3";"Q00342";"SINGLE PROTEIN";"Mus musculus";"18";"37";"10090";"False"
"CHEMBL335";"Tyrosine-protein phosphatase non-receptor type 1";"P18031";"SINGLE PROTEIN";"Homo sapiens";"6058";"9376";"9606";"False"
"CHEMBL2803";"Tyrosine-protein kinase ZAP-70";"P43403";"SINGLE PROTEIN";"Homo sapiens";"1627";"2390";"9606";"False"
"CHEMBL5836";"Ephrin type-B receptor 6";"O15197";"SINGLE PROTEIN";"Homo sapiens";"446";"541";"9606";"False"
"CHEMBL4175";"Megakaryocyte-associated tyrosine-protein kinase";"P42679";"SINGLE PROTEIN";"Homo sapiens";"777";"837";"9606";"False"
"CHEMBL2111414";"Tyrosine-protein kinase ABL";"P00519|P42684";"PROTEIN FAMILY";"Homo sapiens";"162";"170";"9606";"False"
"CHEMBL3337";"Vascular endothelial growth factor receptor 2";"P35918";"SINGLE PROTEIN";"Mus musculus";"134";"138";"10090";"False"
"CHEMBL1075105";"Protein tyrosine phosphatase type IVA 2";"Q12974";"SINGLE PROTEIN";"Homo sapiens";"32";"37";"9606";"False"
"CHEMBL1075169";"Protein tyrosine phosphatase type IVA 1";"Q93096";"SINGLE PROTEIN";"Homo sapiens";"42";"47";"9606";"False"
"CHEMBL4630751";"E3 ubiquitin-protein ligase XIAP/Tyrosine-protein kinase JAK1";"P23458|P98170";"PROTEIN-PROTEIN INTERACTION";"Homo sapiens";"8";"19";"9606";"False"
"CHEMBL2111439";"VEGF-receptor 2 and Fibroblast growth factor receptor 1";"P35968|P11362";"PROTEIN FAMILY";"Homo sapiens";"50";"50";"9606";"False"
"CHEMBL2111440";"VEGF-receptor 2 and PDGF-receptor beta (KDR and PDGFR beta)";"P09619|P35968";"SELECTIVITY GROUP";"Homo sapiens";"28";"29";"9606";"False"
"CHEMBL2111336";"VEGF-receptor 2 and tyrosine-protein kinase SRC";"P12931|P35968";"SELECTIVITY GROUP";"Homo sapiens";"25";"25";"9606";"False"
"CHEMBL5835";"Tyrosine-protein phosphatase YopH";"P08538";"SINGLE PROTEIN";"Yersinia pseudotuberculosis serotype I (strain IP32953)";"22";"59";"273123";"False"
"CHEMBL2480";"Proto-oncogene tyrosine-protein kinase LCK";"P06240";"SINGLE PROTEIN";"Mus musculus";"166";"199";"10090";"False"
"CHEMBL1936";"Mast/stem cell growth factor receptor Kit";"P10721";"SINGLE PROTEIN";"Homo sapiens";"6423";"24524";"9606";"False"
"CHEMBL4296661";"mTORC1";"P42345|Q8N122|Q9BVC4";"PROTEIN COMPLEX";"Homo sapiens";"295";"514";"9606";"False"
"CHEMBL5147";"Ephrin type-B receptor 4";"P54760";"SINGLE PROTEIN";"Homo sapiens";"2551";"4445";"9606";"False"
"CHEMBL5303561";"receptor protein-tyrosine kinase";"Q2XPT7";"SINGLE PROTEIN";"Canis lupus familiaris";"";"";"9615";"False"
"CHEMBL5838";"Receptor tyrosine-protein kinase erbB-3";"P21860";"SINGLE PROTEIN";"Homo sapiens";"359";"464";"9606";"False"
"CHEMBL3430904";"Coiled-coil domain-containing protein 6/Tyrosine-protein kinase receptor RET";"P07949|Q16204";"CHIMERIC PROTEIN";"Homo sapiens";"96";"152";"9606";"False"
"CHEMBL6193792";"E3 ubiquitin-protein ligase Mdm2/Epidermal growth factor receptor";"Q00987|P00533";"PROTEIN-PROTEIN INTERACTION";"Homo sapiens";"5";"11";"9606";"False"
"CHEMBL4748222";"von Hippel-Lindau disease tumor suppressor/Proto-oncogene tyrosine-protein kinase ROS";"P08922|P40337";"PROTEIN-PROTEIN INTERACTION";"Homo sapiens";"1";"1";"9606";"False"
"CHEMBL3137284";"MER intracellular domain/EGFR extracellular domain chimera";"P00533|Q12866";"CHIMERIC PROTEIN";"Homo sapiens";"2";"2";"9606";"False"
"CHEMBL4523741";"von Hippel-Lindau disease tumor suppressor/Focal adhesion kinase 1";"Q05397|P40337";"PROTEIN-PROTEIN INTERACTION";"Homo sapiens";"4";"41";"9606";"False"
"CHEMBL1824";"Receptor tyrosine-protein kinase erbB-2";"P04626";"SINGLE PROTEIN";"Homo sapiens";"6312";"11069";"9606";"False"
"CHEMBL5331";"Tyrosine-protein kinase Mer";"Q12866";"SINGLE PROTEIN";"Homo sapiens";"4386";"13810";"9606";"False"
"CHEMBL4802035";"JAK2/JAK3";"P52333|O60674";"PROTEIN FAMILY";"Homo sapiens";"1";"4";"9606";"False"
"CHEMBL3988582";"Polyphenol oxidase 1";"Q00024";"SINGLE PROTEIN";"Agaricus bisporus";"36";"92";"5341";"False"
"CHEMBL3834";"Cytoplasmic tyrosine-protein kinase BMX";"P51813";"SINGLE PROTEIN";"Homo sapiens";"1406";"2794";"9606";"False"
"CHEMBL1649049";"Tyrosine-protein kinase JAK2";"Q62120";"SINGLE PROTEIN";"Mus musculus";"79";"116";"10090";"False"
"CHEMBL3430888";"Kinesin-1 heavy chain/ Tyrosine-protein kinase receptor RET";"P07949|P33176";"CHIMERIC PROTEIN";"Homo sapiens";"152";"185";"9606";"False"
"CHEMBL1955";"Vascular endothelial growth factor receptor 3";"P35916";"SINGLE PROTEIN";"Homo sapiens";"2446";"3473";"9606";"False"
"CHEMBL5291691";"von Hippel-Lindau disease tumor suppressor/Vascular endothelial growth factor receptor 2";"P35968|P40337";"PROTEIN-PROTEIN INTERACTION";"Homo sapiens";"26";"67";"9606";"False"
"CHEMBL203";"Epidermal growth factor receptor";"P00533";"SINGLE PROTEIN";"Homo sapiens";"19118";"58847";"9606";"False"
"CHEMBL3318";"Tyrosinase";"O42713";"SINGLE PROTEIN";"Agaricus bisporus";"2003";"3884";"5341";"False"
"CHEMBL279";"Vascular endothelial growth factor receptor 2";"P35968";"SINGLE PROTEIN";"Homo sapiens";"17115";"29582";"9606";"False"
"CHEMBL2073";"Tyrosine-protein kinase Yes";"P07947";"SINGLE PROTEIN";"Homo sapiens";"1805";"3086";"9606";"False"
"CHEMBL5684";"Muscle, skeletal receptor tyrosine-protein kinase";"O15146";"SINGLE PROTEIN";"Homo sapiens";"970";"1626";"9606";"False"
"CHEMBL5465230";"von Hippel-Lindau disease tumor suppressor/Tyrosine-protein phosphatase non-receptor type 1";"P18031|P40337";"PROTEIN-PROTEIN INTERACTION";"Homo sapiens";"4";"4";"9606";"False"
"CHEMBL4739668";"Ephrin type-B receptor 6";"O08644";"SINGLE PROTEIN";"Mus musculus";"1";"1";"10090";"False"
"CHEMBL4758";"Vascular endothelial growth factor receptor 3";"P35917";"SINGLE PROTEIN";"Mus musculus";"3";"8";"10090";"False"
"CHEMBL5291969";"Proto-oncogene tyrosine-protein kinase receptor Ret/Coiled-coil domain-containing protein 6";"P35546|D3YZP9";"CHIMERIC PROTEIN";"Mus musculus";"1";"1";"10090";"False"
"CHEMBL2176816";"Cyclin-dependent kinase 7";"Q03147";"SINGLE PROTEIN";"Mus musculus";"1";"1";"10090";"False"
"CHEMBL5291688";"von Hippel-Lindau disease tumor suppressor/Fibroblast growth factor receptor 1";"P11362|P40337";"PROTEIN-PROTEIN INTERACTION";"Homo sapiens";"6";"21";"9606";"False"
"CHEMBL5169079";"Protein cereblon/Tyrosine-protein kinase receptor UFO";"P30530|Q96SW2";"PROTEIN-PROTEIN INTERACTION";"Homo sapiens";"18";"36";"9606";"False"
"CHEMBL5465284";"Tyrosinase";"P07524";"SINGLE PROTEIN";"Streptomyces antibioticus";"6";"6";"1890";"False"
"CHEMBL4742268";"Protein cereblon/High affinity nerve growth factor receptor";"P04629|Q96SW2";"PROTEIN-PROTEIN INTERACTION";"Homo sapiens";"4";"4";"9606";"False"
"CHEMBL5637";"Pyruvate kinase PKM";"P11974";"SINGLE PROTEIN";"Oryctolagus cuniculus";"4";"4";"9986";"False"
"CHEMBL3982";"Tyrosine-protein kinase Fer";"P16591";"SINGLE PROTEIN";"Homo sapiens";"1687";"2559";"9606";"False"
"CHEMBL1075222";"Protein-tyrosine kinase 2-beta";"P70600";"SINGLE PROTEIN";"Rattus norvegicus";"3";"3";"10116";"False"
"CHEMBL2375201";"Tyrosine-protein kinase transmembrane receptor ROR2";"Q01974";"SINGLE PROTEIN";"Homo sapiens";"5";"5";"9606";"False"
"CHEMBL2689";"Macrophage-stimulating protein receptor";"Q04912";"SINGLE PROTEIN";"Homo sapiens";"1684";"2515";"9606";"False"
"CHEMBL5465547";"High affinity nerve growth factor receptor";"Q3UFB7";"SINGLE PROTEIN";"Mus musculus";"1";"5";"10090";"False"
"CHEMBL5465247";"Protein cereblon/Tyrosine-protein kinase ITK/TSK";"Q8C7D2|Q03526";"PROTEIN-PROTEIN INTERACTION";"Mus musculus";"1";"6";"10090";"False"
"CHEMBL3712886";"5,6-dihydroxyindole-2-carboxylic acid oxidase";"P17643";"SINGLE PROTEIN";"Homo sapiens";"5";"8";"9606";"False"
"CHEMBL4247";"ALK tyrosine kinase receptor";"Q9UM73";"SINGLE PROTEIN";"Homo sapiens";"4570";"9838";"9606";"False"
"CHEMBL2292";"Dual specificity tyrosine-phosphorylation-regulated kinase 1A";"Q13627";"SINGLE PROTEIN";"Homo sapiens";"6675";"17930";"9606";"False"
"CHEMBL2842";"Serine/threonine-protein kinase mTOR";"P42345";"SINGLE PROTEIN";"Homo sapiens";"10316";"17668";"9606";"False"
"CHEMBL5568";"Proto-oncogene tyrosine-protein kinase ROS";"P08922";"SINGLE PROTEIN";"Homo sapiens";"1785";"2993";"9606";"False"
"CHEMBL4888447";"E3 ubiquitin-protein ligase XIAP/Receptor-interacting serine/threonine-protein kinase 2";"P98170|O43353";"PROTEIN-PROTEIN INTERACTION";"Homo sapiens";"21";"23";"9606";"False"
"CHEMBL5465213";"Protein cereblon/Tyrosine-protein kinase ITK/TSK";"Q08881|Q96SW2";"PROTEIN-PROTEIN INTERACTION";"Homo sapiens";"20";"52";"9606";"False"
"CHEMBL3717";"Hepatocyte growth factor receptor";"P08581";"SINGLE PROTEIN";"Homo sapiens";"8821";"20044";"9606";"False"
"CHEMBL2363062";"Janus Kinase (JAK)";"P52333|P23458|O60674|P29597";"PROTEIN FAMILY";"Homo sapiens";"154";"216";"9606";"False"
"CHEMBL2996";"Protein kinase C delta type";"Q05655";"SINGLE PROTEIN";"Homo sapiens";"2419";"3143";"9606";"False"
"CHEMBL5469";"Protein-tyrosine kinase 2-beta";"Q14289";"SINGLE PROTEIN";"Homo sapiens";"2174";"3085";"9606";"False"
"CHEMBL2111387";"NPM/ALK (Nucleophosmin/ALK tyrosine kinase receptor)";"Q9UM73|P06748";"CHIMERIC PROTEIN";"Homo sapiens";"91";"142";"9606";"False"
"CHEMBL4060";"Protein-tyrosine phosphatase D1";"Q16825";"SINGLE PROTEIN";"Homo sapiens";"1";"3";"9606";"False"
"CHEMBL3521";"Receptor-type tyrosine-protein phosphatase F";"P10586";"SINGLE PROTEIN";"Homo sapiens";"641";"731";"9606";"False"
"CHEMBL6066057";"Protein cereblon/Tyrosine-protein kinase JAK3";"P52333|Q96SW2";"PROTEIN-PROTEIN INTERACTION";"Homo sapiens";"11";"15";"9606";"False"
"CHEMBL2321619";"Non-receptor tyrosine-protein kinase TYK2";"Q9R117";"SINGLE PROTEIN";"Mus musculus";"31";"32";"10090";"False"
"CHEMBL2250";"Tyrosine-protein kinase Blk";"P51451";"SINGLE PROTEIN";"Homo sapiens";"1942";"3050";"9606";"False"
"CHEMBL2034794";"Ephrin type-A receptor 3";"P29319";"SINGLE PROTEIN";"Mus musculus";"10";"10";"10090";"False"
"CHEMBL5627";"Leukocyte tyrosine kinase receptor";"P29376";"SINGLE PROTEIN";"Homo sapiens";"1132";"1656";"9606";"False"
"CHEMBL4879469";"Tyrosine-protein kinase Mer";"Q60805";"SINGLE PROTEIN";"Mus musculus";"43";"47";"10090";"False"
"CHEMBL6066844";"H-2 class II histocompatibility antigen gamma chain/Proto-oncogene tyrosine-protein kinase ROS";"Q78DX7|P04441";"CHIMERIC PROTEIN";"Mus musculus";"6";"22";"10090";"False"
"CHEMBL6195682";"LC3/Discoidin domain-containing receptor 2";"Q16832|Q9BXW4|Q9GZQ8|Q9H492";"PROTEIN-PROTEIN INTERACTION";"Homo sapiens";"1";"1";"9606";"False"
"CHEMBL5465388";"ALK-TFG";"Q9UM73|Q92734";"CHIMERIC PROTEIN";"Homo sapiens";"1";"2";"9606";"False"
"CHEMBL5465392";"ALK-TPM3";"Q9UM73|P06753";"CHIMERIC PROTEIN";"Homo sapiens";"1";"1";"9606";"False"
"CHEMBL3430908";"Aurora kinase B/Receptor-type tyrosine-protein kinase";"P36888|Q96GD4";"SELECTIVITY GROUP";"Homo sapiens";"2";"2";"9606";"False"
"CHEMBL4523747";"EGFR/PPP1CA";"P00533|P62136";"PROTEIN-PROTEIN INTERACTION";"Homo sapiens";"1";"1";"9606";"False"
"CHEMBL4578";"Maternal embryonic leucine zipper kinase";"Q14680";"SINGLE PROTEIN";"Homo sapiens";"2654";"3702";"9606";"False"
"CHEMBL4739680";"Ephrin type-B receptor 4";"P54761";"SINGLE PROTEIN";"Mus musculus";"1";"1";"10090";"False"
"CHEMBL6193843";"Baculoviral IAP repeat-containing protein 2/E3 ubiquitin-protein ligase XIAP/Breakpoint cluster region protein/Tyrosine-protein kinase ABL1";"P00519|P98170|P11274|Q13490";"PROTEIN-PROTEIN INTERACTION";"Homo sapiens";"1";"1";"9606";"False"
"CHEMBL4804245";"Ephrin-B2";"P52799";"SINGLE PROTEIN";"Homo sapiens";"";"";"9606";"False"
"CHEMBL6066513";"Tubulin--tyrosine ligase-like protein 12";"Q14166";"SINGLE PROTEIN";"Homo sapiens";"1";"2";"9606";"False"
"CHEMBL2095217";"Fibroblast growth factor receptor";"P22607|P11362|P22455|P21802";"PROTEIN FAMILY";"Homo sapiens";"283";"383";"9606";"False"
"CHEMBL2111480";"Vascular endothelial growth factor receptor 1 and 2 (Flt-1 and KDR)";"P17948|P35968";"SELECTIVITY GROUP";"Homo sapiens";"27";"27";"9606";"False"
"CHEMBL2096618";"Bcr/Abl fusion protein";"P00519|P11274";"CHIMERIC PROTEIN";"Homo sapiens";"1105";"1956";"9606";"False"
"CHEMBL4879451";"Tyrosine-protein kinase receptor UFO";"Q00993";"SINGLE PROTEIN";"Mus musculus";"36";"40";"10090";"False"
"CHEMBL3559684";"Neurotrophic tyrosine kinase receptor";"P04629|Q16620|Q16288";"PROTEIN FAMILY";"Homo sapiens";"";"";"9606";"False"
"CHEMBL2959";"Tyrosine-protein kinase ITK/TSK";"Q08881";"SINGLE PROTEIN";"Homo sapiens";"3427";"7465";"9606";"False"
"CHEMBL2095227";"Vascular endothelial growth factor receptor";"P17948|P35916|P35968";"PROTEIN FAMILY";"Homo sapiens";"275";"287";"9606";"False"
"CHEMBL4804247";"Growth arrest-specific protein 6";"Q14393";"SINGLE PROTEIN";"Homo sapiens";"279";"843";"9606";"False"
"CHEMBL1974";"Receptor-type tyrosine-protein kinase FLT3";"P36888";"SINGLE PROTEIN";"Homo sapiens";"8899";"20112";"9606";"False"
"CHEMBL3650";"Fibroblast growth factor receptor 1";"P11362";"SINGLE PROTEIN";"Homo sapiens";"8523";"22267";"9606";"False"
"CHEMBL4665585";"Inactive tyrosine-protein kinase transmembrane receptor ROR1";"Q01973";"SINGLE PROTEIN";"Homo sapiens";"122";"157";"9606";"False"
"CHEMBL4630723";"ErbB-2/ErbB-3 heterodimer";"P04626|P21860";"PROTEIN COMPLEX";"Homo sapiens";"2";"7";"9606";"False"
"CHEMBL5122";"Discoidin domain-containing receptor 2";"Q16832";"SINGLE PROTEIN";"Homo sapiens";"1496";"2626";"9606";"False"
"CHEMBL4128";"Angiopoietin-1 receptor";"Q02763";"SINGLE PROTEIN";"Homo sapiens";"2415";"3552";"9606";"False"
"CHEMBL2363049";"Epidermal growth factor receptor";"P04626|P00533|Q15303|P21860";"PROTEIN FAMILY";"Homo sapiens";"157";"225";"9606";"False"
"CHEMBL4680046";"CD74-ROS1";"P04233|P08922";"CHIMERIC PROTEIN";"Homo sapiens";"5";"10";"9606";"False"
"CHEMBL5251";"Tyrosine-protein kinase BTK";"Q06187";"SINGLE PROTEIN";"Homo sapiens";"14905";"61850";"9606";"False"
"CHEMBL2363074";"SRC";"P06241|P12931|P06239|P07947|P51451|P08631|P07948|P42685|P09769|Q9H3Y6";"PROTEIN FAMILY";"Homo sapiens";"1";"8";"9606";"False"
"CHEMBL4296642";"TEC family kinase";"Q08881|P51813|P42680|P42681|Q06187";"PROTEIN FAMILY";"Homo sapiens";"";"";"9606";"False"
"CHEMBL3430877";"Proto-oncogene tyrosine-protein kinase receptor Ret /Nuclear receptor coactivator 4 fusion protein";"P07949|Q13772";"CHIMERIC PROTEIN";"Homo sapiens";"6";"18";"9606";"False"
"CHEMBL4802025";"Protein cereblon/Focal adhesion kinase 1";"P34152|Q8C7D2";"PROTEIN-PROTEIN INTERACTION";"Mus musculus";"2";"5";"10090";"False"
"CHEMBL6066565";"Tyrosine-protein kinase BTK/Tyrosine-protein kinase Lyn";"P07948|Q06187";"PROTEIN FAMILY";"Homo sapiens";"4";"12";"9606";"False"
"CHEMBL4742292";"Protein cereblon/Epithelial discoidin domain-containing receptor 1";"Q08345|Q96SW2";"PROTEIN-PROTEIN INTERACTION";"Homo sapiens";"1";"1";"9606";"False"
"CHEMBL4739678";"Ephrin type-B receptor 3";"P54754";"SINGLE PROTEIN";"Mus musculus";"4";"4";"10090";"False"
"CHEMBL5483088";"ROS1-GOPC";"P08922|Q9HD26";"CHIMERIC PROTEIN";"Homo sapiens";"1";"1";"9606";"False"
"CHEMBL4748220";"von Hippel-Lindau disease tumor suppressor/ALK tyrosine kinase receptor/Nucleophosmin";"Q9UM73|P06748|P40337";"PROTEIN-PROTEIN INTERACTION";"Homo sapiens";"13";"21";"9606";"False"
"CHEMBL4523735";"von Hippel-Lindau disease tumor suppressor/Receptor-type tyrosine-protein kinase FLT3";"P36888|P40337";"PROTEIN-PROTEIN INTERACTION";"Homo sapiens";"6";"16";"9606";"False"
"CHEMBL4742263";"Protein cereblon/Tyrosine-protein kinase JAK2";"O60674|Q96SW2";"PROTEIN-PROTEIN INTERACTION";"Homo sapiens";"32";"51";"9606";"False"
"CHEMBL4523733";"von Hippel-Lindau disease tumor suppressor/Proto-oncogene tyrosine-protein kinase Src";"P12931|P40337";"PROTEIN-PROTEIN INTERACTION";"Homo sapiens";"1";"1";"9606";"False"
"CHEMBL6193847";"IAP-Tyrosine-protein kinase BTK";"P98170|Q06187|Q13489|Q13490";"PROTEIN-PROTEIN INTERACTION";"Homo sapiens";"1";"1";"9606";"False"
"CHEMBL5291685";"Protein cereblon/Tyrosine-protein kinase Lck/DNA damage-binding protein 1";"P06239|Q96SW2|Q16531";"PROTEIN-PROTEIN INTERACTION";"Homo sapiens";"3";"3";"9606";"False"
"CHEMBL6196075";"Receptor-type tyrosine-protein phosphatase delta";"P23468";"SINGLE PROTEIN";"Homo sapiens";"2";"2";"9606";"False"
"CHEMBL3009";"Receptor tyrosine-protein kinase erbB-4";"Q15303";"SINGLE PROTEIN";"Homo sapiens";"2120";"2980";"9606";"False"
"CHEMBL6066021";"Protein cereblon/Tyrosine-protein phosphatase non-receptor type 1";"P18031|Q96SW2";"PROTEIN-PROTEIN INTERACTION";"Homo sapiens";"36";"192";"9606";"False"
"CHEMBL6066563";"Tyrosine-protein kinase BTK/Tyrosine-protein kinase Fyn";"P06241|Q06187";"PROTEIN FAMILY";"Homo sapiens";"4";"12";"9606";"False"
"CHEMBL6067403";"Twinfilin-2";"Q6IBS0";"SINGLE PROTEIN";"Homo sapiens";"1";"2";"9606";"False"
"CHEMBL4879529";"Protein cereblon/Receptor-interacting serine/threonine-protein kinase 2";"O43353|Q96SW2";"PROTEIN-PROTEIN INTERACTION";"Homo sapiens";"3";"5";"9606";"False"
"CHEMBL5465207";"Protein cereblon/Tyrosine-protein phosphatase non-receptor type 2";"P17706|Q96SW2";"PROTEIN-PROTEIN INTERACTION";"Homo sapiens";"26";"31";"9606";"False"
"CHEMBL6193837";"Protein zyg-11 homolog B/Protein zer-1 homolog/Epidermal growth factor receptor";"P00533|Q9C0D3|Q7Z7L7";"PROTEIN-PROTEIN INTERACTION";"Homo sapiens";"1";"6";"9606";"False"
"CHEMBL6066862";"ZYG11B/ZER1/EML4-ALK";"Q9UM73|Q9HC35|Q9C0D3|Q7Z7L7";"PROTEIN-PROTEIN INTERACTION";"Homo sapiens";"1";"6";"9606";"False"
"CHEMBL6193829";"UBR/ALK tyrosine kinase receptor/Echinoderm microtubule-associated protein-like 4";"Q9UM73|Q9HC35|Q5T4S7|Q8IWV7|Q8IWV8";"PROTEIN-PROTEIN INTERACTION";"Homo sapiens";"1";"4";"9606";"False"
"CHEMBL6066845";"Glucose-induced degradation protein 4 homolog/Epidermal growth factor receptor";"P00533|Q8IVV7";"PROTEIN-PROTEIN INTERACTION";"Homo sapiens";"2";"16";"9606";"False"
"CHEMBL5465229";"von Hippel-Lindau disease tumor suppressor/Tyrosine-protein phosphatase non-receptor type 2";"P17706|P40337";"PROTEIN-PROTEIN INTERACTION";"Homo sapiens";"13";"52";"9606";"False"
"CHEMBL4295641";"Proto-oncogene tyrosine-protein kinase receptor Ret";"G3V9H8";"SINGLE PROTEIN";"Rattus norvegicus";"1";"2";"10116";"False"
"CHEMBL6066839";"Microtubule-associated protein 1 light chain 3 beta/Epidermal growth factor receptor";"P00533|Q9GZQ8";"PROTEIN-PROTEIN INTERACTION";"Homo sapiens";"22";"65";"9606";"False"
"CHEMBL5482981";"von Hippel-Lindau disease tumor suppressor/Receptor-type tyrosine-protein phosphatase N2";"P40338|P80560";"PROTEIN-PROTEIN INTERACTION";"Mus musculus";"1";"2";"10090";"False"
"CHEMBL4523432";"Serine/threonine-protein kinase LMTK3";"Q96Q04";"SINGLE PROTEIN";"Homo sapiens";"12";"22";"9606";"False"
"CHEMBL5291968";"E3 ubiquitin-protein ligase XIAP/Tyrosine-protein kinase BTK";"P98170|Q06187";"PROTEIN-PROTEIN INTERACTION";"Homo sapiens";"2";"2";"9606";"False"
"CHEMBL2634";"Tyrosine-protein kinase CSK";"P41240";"SINGLE PROTEIN";"Homo sapiens";"1665";"2661";"9606";"False"
"CHEMBL4523728";"von Hippel-Lindau disease tumor suppressor/Tyrosine-protein kinase Yes";"P07947|P40337";"PROTEIN-PROTEIN INTERACTION";"Homo sapiens";"1";"1";"9606";"False"
"CHEMBL5014";"Receptor-interacting serine/threonine-protein kinase 2";"O43353";"SINGLE PROTEIN";"Homo sapiens";"1657";"3507";"9606";"False"
"CHEMBL5072";"Ephrin type-B receptor 1";"P54762";"SINGLE PROTEIN";"Homo sapiens";"650";"976";"9606";"False"
"CHEMBL1862";"Tyrosine-protein kinase ABL1";"P00519";"SINGLE PROTEIN";"Homo sapiens";"7594";"24904";"9606";"False"
"CHEMBL2815";"High affinity nerve growth factor receptor";"P04629";"SINGLE PROTEIN";"Homo sapiens";"8836";"26746";"9606";"False"
"CHEMBL5785";"Interferon-induced, double-stranded RNA-activated protein kinase";"P19525";"SINGLE PROTEIN";"Homo sapiens";"557";"785";"9606";"False"
"CHEMBL3099";"Tyrosine-protein kinase ABL1";"P00520";"SINGLE PROTEIN";"Mus musculus";"134";"215";"10090";"False"
"CHEMBL2093867";"Protein kinase C (PKC)";"O94806|P41743|P17252|P05129|Q05655|P05771|Q05513|Q02156|P24723|Q15139|Q04759";"PROTEIN FAMILY";"Homo sapiens";"707";"1127";"9606";"False"
"CHEMBL2068";"Ephrin type-A receptor 2";"P29317";"SINGLE PROTEIN";"Homo sapiens";"2898";"4747";"9606";"False"
"CHEMBL2148";"Tyrosine-protein kinase JAK3";"P52333";"SINGLE PROTEIN";"Homo sapiens";"11689";"34159";"9606";"False"
"CHEMBL2599";"Tyrosine-protein kinase SYK";"P43405";"SINGLE PROTEIN";"Homo sapiens";"7880";"17648";"9606";"False"
"CHEMBL2041";"Proto-oncogene tyrosine-protein kinase receptor Ret";"P07949";"SINGLE PROTEIN";"Homo sapiens";"6586";"78612";"9606";"False"
"CHEMBL258";"Tyrosine-protein kinase Lck";"P06239";"SINGLE PROTEIN";"Homo sapiens";"6941";"11934";"9606";"False"
"CHEMBL267";"Proto-oncogene tyrosine-protein kinase Src";"P12931";"SINGLE PROTEIN";"Homo sapiens";"8548";"15472";"9606";"False"
"CHEMBL5303563";"Mast/stem cell growth factor receptor Kit";"O97799";"SINGLE PROTEIN";"Canis lupus familiaris";"";"";"9615";"False"
"CHEMBL5773";"Focal adhesion kinase 1";"O35346";"SINGLE PROTEIN";"Rattus norvegicus";"5";"21";"10116";"False"
"CHEMBL4365";"Tyrosine-protein kinase CSK";"P32577";"SINGLE PROTEIN";"Rattus norvegicus";"1";"1";"10116";"False"
"CHEMBL5303570";"Protein kinase C (PKC)";"A0A8C0RD54|A0A8C0MX51|A0A8P0PQR2|A0A8C0PLT7|A0A8I3PGG6|E2R2X3|A0A8I3PGY9|A0A8I3Q258|Q5PU49|A0A8I3PUQ8|A0A8I3PU21";"PROTEIN FAMILY";"Canis lupus familiaris";"";"";"9615";"False"
"CHEMBL2971";"Tyrosine-protein kinase JAK2";"O60674";"SINGLE PROTEIN";"Homo sapiens";"17640";"56323";"9606";"False"
"CHEMBL1868";"Vascular endothelial growth factor receptor 1";"P17948";"SINGLE PROTEIN";"Homo sapiens";"4598";"7469";"9606";"False"
"CHEMBL2706";"Receptor-type tyrosine-protein phosphatase beta";"P23467";"SINGLE PROTEIN";"Homo sapiens";"317";"1532";"9606";"False"
"CHEMBL1841";"Tyrosine-protein kinase Fyn";"P06241";"SINGLE PROTEIN";"Homo sapiens";"4376";"11104";"9606";"False"
"CHEMBL3243";"Receptor-type tyrosine-protein phosphatase C";"P08575";"SINGLE PROTEIN";"Homo sapiens";"1370";"2334";"9606";"False"
"CHEMBL3905";"Tyrosine-protein kinase Lyn";"P07948";"SINGLE PROTEIN";"Homo sapiens";"3012";"6399";"9606";"False"
"CHEMBL5274";"Tyrosine-protein kinase receptor Tie-1";"P35590";"SINGLE PROTEIN";"Homo sapiens";"284";"348";"9606";"False"
"CHEMBL2633";"Prostatic acid phosphatase";"P15309";"SINGLE PROTEIN";"Homo sapiens";"53";"71";"9606";"False"
"CHEMBL5303568";"ROS1-SDC4";"P08922|P31431";"CHIMERIC PROTEIN";"Homo sapiens";"2";"3";"9606";"False"
"CHEMBL4662943";"Hemocyanin 1";"Q10583";"SINGLE PROTEIN";"Megathura crenulata";"";"";"55429";"False"
"CHEMBL3864";"Tyrosine-protein phosphatase non-receptor type 11";"Q06124";"SINGLE PROTEIN";"Homo sapiens";"4024";"11634";"9606";"False"
"CHEMBL3234";"Tyrosine-protein kinase HCK";"P08631";"SINGLE PROTEIN";"Homo sapiens";"1789";"3257";"9606";"False"
"CHEMBL1969";"Tyrosine 3-monooxygenase";"P07101";"SINGLE PROTEIN";"Homo sapiens";"14";"14";"9606";"False"
"CHEMBL4601";"Protein-tyrosine kinase 6";"Q13882";"SINGLE PROTEIN";"Homo sapiens";"1886";"2926";"9606";"False"
"CHEMBL4954";"Ephrin type-A receptor 3";"P29320";"SINGLE PROTEIN";"Homo sapiens";"1015";"1696";"9606";"False"
"CHEMBL4895";"Tyrosine-protein kinase receptor UFO";"P30530";"SINGLE PROTEIN";"Homo sapiens";"5314";"13322";"9606";"False"
"CHEMBL5608";"NT-3 growth factor receptor";"Q16288";"SINGLE PROTEIN";"Homo sapiens";"2076";"2814";"9606";"False"
"CHEMBL2835";"Tyrosine-protein kinase JAK1";"P23458";"SINGLE PROTEIN";"Homo sapiens";"14342";"47757";"9606";"False"
"CHEMBL4223";"Tyrosine-protein kinase FRK";"P42685";"SINGLE PROTEIN";"Homo sapiens";"1632";"2495";"9606";"False"
"CHEMBL1973";"Tyrosinase";"P14679";"SINGLE PROTEIN";"Homo sapiens";"567";"870";"9606";"False"
"CHEMBL2363043";"Ephrin receptor";"P29317|P29323|P54756|P54764|P29322|Q9UF33|Q15375|P54753|P29320|P54762|P54760|P21709|O15197|Q5JZY3";"PROTEIN FAMILY";"Homo sapiens";"";"";"9606";"False"
"CHEMBL2695";"Focal adhesion kinase 1";"Q05397";"SINGLE PROTEIN";"Homo sapiens";"4358";"6538";"9606";"False"
"CHEMBL3883330";"EML4-ALK";"Q9UM73|Q9HC35";"CHIMERIC PROTEIN";"Homo sapiens";"144";"690";"9606";"False"
"CHEMBL3553";"Non-receptor tyrosine-protein kinase TYK2";"P29597";"SINGLE PROTEIN";"Homo sapiens";"10499";"44880";"9606";"False"
"CHEMBL4898";"BDNF/NT-3 growth factors receptor";"Q16620";"SINGLE PROTEIN";"Homo sapiens";"2647";"4318";"9606";"False"
